{
  "performVersionCheck": true,
  "origins": {
    "digs_dnd_origins:dragonborn/green": {
      "enabled": true,
      "digs_dnd_origins:dragonborn/green/ability_score_increase": true,
      "digs_dnd_origins:dragonborn/green/size": true,
      "digs_dnd_origins:dragonborn/green/breath_weapon": true,
      "digs_dnd_origins:dragonborn/green/damage_resistance": true,
      "digs_dnd_origins:dragonborn/green/humid_habitat": true,
      "digs_dnd_origins:dragonborn/green/scales": true,
      "origins:more_exhaustion": true
    },
    "digs_dnd_origins:variant_human/feats/skilled": {
      "enabled": true,
      "digs_dnd_origins:variant_human/feats/skilled": true
    },
    "digs_dnd_origins:variant_human/feats/sentinel": {
      "enabled": true,
      "digs_dnd_origins:variant_human/feats/sentinel": true
    },
    "moborigins:witch": {
      "enabled": true,
      "moborigins:better_potions": true,
      "moborigins:potion_action": true,
      "moborigins:witch_particles": true,
      "moborigins:pillager_aligned": true,
      "moborigins:illager": true
    },
    "moborigins:drowned": {
      "enabled": true,
      "moborigins:trident_expert": true,
      "moborigins:water_vision": true,
      "moborigins:guardian_ally": true,
      "moborigins:water_combatant": true,
      "moborigins:undead": true,
      "moborigins:zombie_hunger": true,
      "moborigins:surface_slowness": true,
      "origins:carnivore": true
    },
    "dac:butcher": {
      "enabled": true,
      "dac:better_meat": true,
      "dac:favourite_tool": true
    },
    "origins-classes:warrior": {
      "enabled": true,
      "origins-classes:more_attack_damage": true,
      "origins-classes:less_shield_slowdown": true
    },
    "origins:elytrian": {
      "enabled": true,
      "origins:elytra": true,
      "origins:launch_into_air": true,
      "origins:aerial_combatant": true,
      "origins:light_armor": true,
      "origins:claustrophobia": true,
      "origins:more_kinetic_damage": true
    },
    "digs_dnd_origins:variant_human/feats/charger": {
      "enabled": true,
      "digs_dnd_origins:variant_human/feats/charger": true
    },
    "moborigins:bee": {
      "enabled": true,
      "moborigins:stinger": true,
      "moborigins:flower_power": true,
      "moborigins:queen_bee": true,
      "moborigins:small_bug": true,
      "moborigins:bee_wings": true,
      "origins:vegetarian": true
    },
    "digs_dnd_origins:variant_human/feats/moderately_armored": {
      "enabled": true,
      "digs_dnd_origins:variant_human/feats/moderately_armored": true
    },
    "digs_dnd_origins:elf/high": {
      "enabled": true,
      "digs_dnd_origins:elf/high/size": true,
      "digs_dnd_origins:elf/high/darkvision": true,
      "digs_dnd_origins:elf/high/trance": true,
      "digs_dnd_origins:elf/high/elf_weapon_training": true,
      "digs_dnd_origins:elf/high/cantrip": true
    },
    "origins-classes:explorer": {
      "enabled": true,
      "origins-classes:explorer_kit": true,
      "origins-classes:no_sprint_exhaustion": true
    },
    "digs_dnd_origins:gnome/rock": {
      "enabled": true,
      "digs_dnd_origins:gnome/rock/size": true,
      "digs_dnd_origins:gnome/rock/speed": true,
      "digs_dnd_origins:gnome/rock/darkvision": true,
      "digs_dnd_origins:gnome/rock/tinker": true
    },
    "origins-classes:rancher": {
      "enabled": true,
      "origins-classes:twin_breeding": true,
      "origins-classes:more_animal_loot": true
    },
    "origins:blazeborn": {
      "enabled": true,
      "origins:fire_immunity": true,
      "origins:nether_spawn": true,
      "origins:burning_wrath": true,
      "origins:hotblooded": true,
      "origins:water_vulnerability": true,
      "origins:flame_particles": true,
      "origins:damage_from_snowballs": true,
      "origins:damage_from_potions": true
    },
    "digs_dnd_origins:dragonborn/brass": {
      "enabled": true,
      "digs_dnd_origins:dragonborn/brass/ability_score_increase": true,
      "digs_dnd_origins:dragonborn/brass/size": true,
      "digs_dnd_origins:dragonborn/brass/breath_weapon": true,
      "digs_dnd_origins:dragonborn/brass/damage_resistance": true,
      "digs_dnd_origins:dragonborn/brass/arid_habitat": true,
      "digs_dnd_origins:dragonborn/brass/scales": true,
      "origins:more_exhaustion": true
    },
    "digs_dnd_origins:half-elf/skills/nature": {
      "enabled": true,
      "digs_dnd_origins:half-elf/skills/nature": true
    },
    "origins-classes:farmer": {
      "enabled": true,
      "origins-classes:more_crop_drops": true,
      "origins-classes:better_bone_meal": true
    },
    "digs_dnd_origins:half-elf/skills/arcana": {
      "enabled": true,
      "digs_dnd_origins:half-elf/skills/arcana": true
    },
    "extraorigins:floran": {
      "enabled": true,
      "extraorigins:green_thumb": true,
      "extraorigins:photosynthesis": true,
      "extraorigins:absorbing": true,
      "extraorigins:flammable": true,
      "extraorigins:nectarivore": true
    },
    "origins-classes:miner": {
      "enabled": true,
      "origins-classes:more_stone_break_speed": true,
      "origins-classes:no_mining_exhaustion": true
    },
    "origins-classes:cook": {
      "enabled": true,
      "origins-classes:better_crafted_food": true,
      "origins-classes:more_smoker_xp": true
    },
    "digs_dnd_origins:half-elf/skills/stealth": {
      "enabled": true,
      "digs_dnd_origins:half-elf/skills/stealth": true
    },
    "digs_dnd_origins:half-elf/skills/athletics": {
      "enabled": true,
      "digs_dnd_origins:half-elf/skills/athletics": true
    },
    "digs_dnd_origins:dragonborn/red": {
      "enabled": true,
      "digs_dnd_origins:dragonborn/red/ability_score_increase": true,
      "digs_dnd_origins:dragonborn/red/size": true,
      "digs_dnd_origins:dragonborn/red/breath_weapon": true,
      "digs_dnd_origins:dragonborn/red/damage_resistance": true,
      "digs_dnd_origins:dragonborn/red/molten_habitat": true,
      "digs_dnd_origins:dragonborn/red/scales": true,
      "origins:more_exhaustion": true
    },
    "digs_dnd_origins:dwarf": {
      "enabled": true,
      "digs_dnd_origins:dwarf/description_hill": true,
      "digs_dnd_origins:dwarf/description_mountain": true
    },
    "digs_dnd_origins:elf/cantrips/lightning_lure": {
      "enabled": true,
      "digs_dnd_origins:elf/high/cantrips/lightning_lure": true
    },
    "digs_dnd_origins:dragonborn": {
      "enabled": true,
      "digs_dnd_origins:dragonborn/description_black": true,
      "digs_dnd_origins:dragonborn/description_blue": true,
      "digs_dnd_origins:dragonborn/description_brass": true,
      "digs_dnd_origins:dragonborn/description_green": true,
      "digs_dnd_origins:dragonborn/description_red": true,
      "digs_dnd_origins:dragonborn/description_white": true
    },
    "digs_dnd_origins:elf": {
      "enabled": true,
      "digs_dnd_origins:elf/description_high": true,
      "digs_dnd_origins:elf/description_wood": true,
      "digs_dnd_origins:elf/description_dark": true
    },
    "digs_dnd_origins:gnome/forest": {
      "enabled": true,
      "digs_dnd_origins:gnome/forest/size": true,
      "digs_dnd_origins:gnome/forest/speed": true,
      "digs_dnd_origins:gnome/forest/darkvision": true,
      "digs_dnd_origins:gnome/forest/speak_with_small_beasts": true
    },
    "digs_dnd_origins:half-elf/skills/medicine": {
      "enabled": true,
      "digs_dnd_origins:half-elf/skills/medicine": true
    },
    "digs_dnd_origins:half-elf/skills/animal_handling": {
      "enabled": true,
      "digs_dnd_origins:half-elf/skills/animal_handling": true
    },
    "moborigins:wolf": {
      "enabled": true,
      "moborigins:wolf_body": true,
      "moborigins:full_moon": true,
      "moborigins:alpha_wolf": true,
      "moborigins:wolf_howl": true,
      "moborigins:wolf_pack": true,
      "origins:carnivore": true
    },
    "dac:baker": {
      "enabled": true,
      "dac:more_bread": true,
      "dac:professional_baker": true
    },
    "digs_dnd_origins:half-elf": {
      "enabled": true,
      "digs_dnd_origins:half-elf/ability_score_increase": true,
      "digs_dnd_origins:half-elf/size": true,
      "digs_dnd_origins:half-elf/darkvision": true,
      "digs_dnd_origins:half-elf/skill_versatility": true
    },
    "digs_dnd_origins:elf/dark": {
      "enabled": true,
      "digs_dnd_origins:elf/dark/size": true,
      "digs_dnd_origins:elf/dark/superior_darkvision": true,
      "digs_dnd_origins:elf/dark/trance": true,
      "digs_dnd_origins:elf/dark/sunlight_sensitivity": true,
      "digs_dnd_origins:elf/dark/drow_magic": true,
      "digs_dnd_origins:elf/dark/faerie_fire": true,
      "digs_dnd_origins:elf/dark/darkness": true,
      "digs_dnd_origins:elf/dark/drow_weapon_training": true
    },
    "digs_dnd_origins:variant_human": {
      "enabled": true,
      "digs_dnd_origins:variant_human/skills": true,
      "digs_dnd_origins:variant_human/feat": true
    },
    "origins-classes:blacksmith": {
      "enabled": true,
      "origins-classes:quality_equipment": true,
      "origins-classes:efficient_repairs": true
    },
    "origins-classes:rogue": {
      "enabled": true,
      "origins-classes:sneaky": true,
      "origins-classes:stealth": true,
      "origins-classes:stealth_descriptor": true
    },
    "moborigins:strider": {
      "enabled": true,
      "origins:fire_immunity": true,
      "origins:nether_spawn": true,
      "origins:water_vulnerability": true,
      "moborigins:lava_walk": true,
      "moborigins:surface_slowness": true,
      "moborigins:rideable_creature": true,
      "moborigins:strider_shake": true,
      "moborigins:warped_fungus_eater": true
    },
    "origins-classes:nitwit": {
      "enabled": true
    },
    "origins:enderian": {
      "enabled": true,
      "origins:throw_ender_pearl": true,
      "origins:water_vulnerability": true,
      "origins:pumpkin_hate": true,
      "origins:extra_reach": true,
      "origins:ender_particles": true,
      "origins:damage_from_potions": true
    },
    "origins:feline": {
      "enabled": true,
      "origins:fall_immunity": true,
      "origins:sprint_jump": true,
      "origins:velvet_paws": true,
      "origins:nine_lives": true,
      "origins:weak_arms": true,
      "origins:scare_creepers": true,
      "origins:cat_vision": true
    },
    "digs_dnd_origins:dwarf/mountain": {
      "enabled": true,
      "digs_dnd_origins:dwarf/mountain/size": true,
      "digs_dnd_origins:dwarf/mountain/speed": true,
      "digs_dnd_origins:dwarf/mountain/darkvision": true,
      "digs_dnd_origins:dwarf/mountain/dwarven_resilience": true,
      "digs_dnd_origins:dwarf/mountain/dwarven_combat_training": true,
      "digs_dnd_origins:dwarf/mountain/dwarven_armor_training": true,
      "digs_dnd_origins:dwarf/hill/tool_proficiency": true
    },
    "digs_dnd_origins:halfling/lightfoot": {
      "enabled": true,
      "digs_dnd_origins:halfling/lightfoot/size": true,
      "digs_dnd_origins:halfling/lightfoot/speed": true,
      "digs_dnd_origins:halfling/lightfoot/lucky": true,
      "digs_dnd_origins:halfling/lightfoot/halfling_nimbleness": true,
      "digs_dnd_origins:halfling/lightfoot/naturally_stealthy": true
    },
    "dac:wandering_trader": {
      "enabled": true,
      "dac:morning_deliveries": true,
      "dac:elder_experience": true
    },
    "moborigins:guardian": {
      "enabled": true,
      "moborigins:guardian_spikes": true,
      "moborigins:guardian_ally": true,
      "moborigins:prismarine_skin": true,
      "moborigins:surface_weakness": true,
      "moborigins:slippery": true,
      "origins:water_breathing": true,
      "origins:water_vision": true,
      "origins:aqua_affinity": true,
      "origins:swim_speed": true,
      "origins:like_water": true,
      "origins:aquatic": true,
      "origins:conduit_power_on_land": true,
      "origins:air_from_potions": true
    },
    "digs_dnd_origins:dragonborn/white": {
      "enabled": true,
      "digs_dnd_origins:dragonborn/white/ability_score_increase": true,
      "digs_dnd_origins:dragonborn/white/size": true,
      "digs_dnd_origins:dragonborn/white/breath_weapon": true,
      "digs_dnd_origins:dragonborn/white/damage_resistance": true,
      "digs_dnd_origins:dragonborn/white/arctic_habitat": true,
      "digs_dnd_origins:dragonborn/white/scales": true,
      "origins:more_exhaustion": true
    },
    "origins:phantom": {
      "enabled": true,
      "origins:phantomize": true,
      "origins:translucent": true,
      "origins:phasing": true,
      "origins:invisibility": true,
      "origins:burn_in_daylight": true,
      "origins:hunger_over_time": true,
      "origins:fragile": true,
      "origins:phantomize_overlay": true
    },
    "origins-classes:beastmaster": {
      "enabled": true,
      "origins-classes:tamed_animal_boost": true,
      "origins-classes:tamed_potion_diffusal": true
    },
    "origins-classes:merchant": {
      "enabled": true,
      "origins-classes:trade_availability": true,
      "origins-classes:rare_wandering_loot": true
    },
    "digs_dnd_origins:variant_human/feats/skulker": {
      "enabled": true,
      "digs_dnd_origins:variant_human/feats/skulker": true
    },
    "moborigins:elder_guardian": {
      "enabled": true,
      "moborigins:elder_spikes": true,
      "moborigins:elder_magic": true,
      "moborigins:mining_fatigue_immune": true,
      "moborigins:guardian_ally": true,
      "moborigins:prismarine_skin": true,
      "moborigins:surface_weakness": true,
      "moborigins:slippery": true,
      "origins:water_breathing": true,
      "origins:water_vision": true,
      "origins:aqua_affinity": true,
      "origins:swim_speed": true,
      "origins:like_water": true,
      "origins:aquatic": true,
      "origins:conduit_power_on_land": true,
      "origins:air_from_potions": true
    },
    "origins:avian": {
      "enabled": true,
      "origins:slow_falling": true,
      "origins:fresh_air": true,
      "origins:like_air": true,
      "origins:tailwind": true,
      "origins:lay_eggs": true,
      "origins:vegetarian": true
    },
    "digs_dnd_origins:elf/cantrips/ray_of_frost": {
      "enabled": true,
      "digs_dnd_origins:elf/high/cantrips/ray_of_frost": true
    },
    "origins-classes:archer": {
      "enabled": true,
      "origins-classes:no_projectile_divergence": true,
      "origins-classes:less_bow_slowdown": true
    },
    "digs_dnd_origins:variant_human/feats/heavily_armored": {
      "enabled": true,
      "digs_dnd_origins:variant_human/feats/heavily_armored": true
    },
    "digs_dnd_origins:half-elf/skills/sleight_of_hand": {
      "enabled": true,
      "digs_dnd_origins:half-elf/skills/sleight_of_hand": true
    },
    "digs_dnd_origins:dragonborn/blue": {
      "enabled": true,
      "digs_dnd_origins:dragonborn/blue/ability_score_increase": true,
      "digs_dnd_origins:dragonborn/blue/size": true,
      "digs_dnd_origins:dragonborn/blue/breath_weapon": true,
      "digs_dnd_origins:dragonborn/blue/damage_resistance": true,
      "digs_dnd_origins:dragonborn/blue/arid_habitat": true,
      "digs_dnd_origins:dragonborn/blue/scales": true,
      "origins:more_exhaustion": true
    },
    "digs_dnd_origins:variant_human/feats/mobile": {
      "enabled": true,
      "digs_dnd_origins:variant_human/feats/mobile": true
    },
    "digs_dnd_origins:dragonborn/black": {
      "enabled": true,
      "digs_dnd_origins:dragonborn/black/ability_score_increase": true,
      "digs_dnd_origins:dragonborn/black/size": true,
      "digs_dnd_origins:dragonborn/black/breath_weapon": true,
      "digs_dnd_origins:dragonborn/black/damage_resistance": true,
      "digs_dnd_origins:dragonborn/black/humid_habitat": true,
      "digs_dnd_origins:dragonborn/black/scales": true,
      "origins:more_exhaustion": true
    },
    "digs_dnd_origins:gnome": {
      "enabled": true,
      "digs_dnd_origins:gnome/description_deep": true,
      "digs_dnd_origins:gnome/description_forest": true,
      "digs_dnd_origins:gnome/description_rock": true
    },
    "digs_dnd_origins:dwarf/hill": {
      "enabled": true,
      "digs_dnd_origins:dwarf/hill/size": true,
      "digs_dnd_origins:dwarf/hill/speed": true,
      "digs_dnd_origins:dwarf/hill/darkvision": true,
      "digs_dnd_origins:dwarf/hill/dwarven_resilience": true,
      "digs_dnd_origins:dwarf/hill/dwarven_combat_training": true,
      "digs_dnd_origins:dwarf/hill/dwarven_toughness": true,
      "digs_dnd_origins:dwarf/hill/tool_proficiency": true
    },
    "origins:human": {
      "enabled": true
    },
    "digs_dnd_origins:variant_human/feats/lightly_armored": {
      "enabled": true,
      "digs_dnd_origins:variant_human/feats/lightly_armored": true
    },
    "origins-classes:lumberjack": {
      "enabled": true,
      "origins-classes:tree_felling": true,
      "origins-classes:more_planks_from_logs": true
    },
    "moborigins:evoker": {
      "enabled": true,
      "moborigins:summon_fangs": true,
      "moborigins:lower_totem_chance": true,
      "moborigins:pillager_aligned": true,
      "moborigins:illager": true
    },
    "digs_dnd_origins:gnome/deep": {
      "enabled": true,
      "digs_dnd_origins:gnome/deep/size": true,
      "digs_dnd_origins:gnome/deep/speed": true,
      "digs_dnd_origins:gnome/deep/superior_darkvision": true,
      "digs_dnd_origins:gnome/deep/stone_camouflage": true
    },
    "digs_dnd_origins:halfling/stout": {
      "enabled": true,
      "digs_dnd_origins:halfling/stout/size": true,
      "digs_dnd_origins:halfling/stout/speed": true,
      "digs_dnd_origins:halfling/stout/lucky": true,
      "digs_dnd_origins:halfling/stout/halfling_nimbleness": true,
      "digs_dnd_origins:halfling/stout/stout_resilience": true
    },
    "extraorigins:piglin": {
      "enabled": true,
      "extraorigins:all_that_glitters": true,
      "extraorigins:crossbow_master": true,
      "extraorigins:piglin_neutrality": true,
      "origins:nether_spawn": true,
      "extraorigins:homesick": true,
      "extraorigins:golden_gluttony": true,
      "extraorigins:flabby": true,
      "extraorigins:soul_spooked": true
    },
    "digs_dnd_origins:elf/cantrips/poison_spray": {
      "enabled": true,
      "digs_dnd_origins:elf/high/cantrips/poison_spray": true
    },
    "origins:shulk": {
      "enabled": true,
      "origins:shulker_inventory": true,
      "origins:natural_armor": true,
      "origins:strong_arms": true,
      "origins:strong_arms_break_speed": true,
      "origins:no_shield": true,
      "origins:more_exhaustion": true
    },
    "origins-classes:cleric": {
      "enabled": true,
      "origins-classes:longer_potions": true,
      "origins-classes:better_enchanting": true
    },
    "digs_dnd_origins:variant_human/feats/tough": {
      "enabled": true,
      "digs_dnd_origins:variant_human/feats/tough": true
    },
    "origins:merling": {
      "enabled": true,
      "origins:water_breathing": true,
      "origins:water_vision": true,
      "origins:aqua_affinity": true,
      "origins:swim_speed": true,
      "origins:like_water": true,
      "origins:aquatic": true,
      "origins:conduit_power_on_land": true,
      "origins:air_from_potions": true
    },
    "origins:arachnid": {
      "enabled": true,
      "origins:climbing": true,
      "origins:master_of_webs": true,
      "origins:carnivore": true,
      "origins:fragile": true,
      "origins:arthropod": true
    },
    "digs_dnd_origins:half-elf/skills/survival": {
      "enabled": true,
      "digs_dnd_origins:half-elf/skills/survival": true
    },
    "digs_dnd_origins:half-orc": {
      "enabled": true,
      "digs_dnd_origins:half-orc/size": true,
      "digs_dnd_origins:half-orc/darkvision": true,
      "digs_dnd_origins:half-orc/menacing": true,
      "digs_dnd_origins:half-orc/relentless_endurance": true,
      "digs_dnd_origins:half-orc/savage_attacks": true,
      "origins:more_exhaustion": true
    },
    "extraorigins:inchling": {
      "enabled": true,
      "extraorigins:bite_sized": true,
      "extraorigins:nimble": true,
      "extraorigins:small_appetite": true,
      "origins:climbing": true,
      "extraorigins:jockey": true
    },
    "digs_dnd_origins:halfling": {
      "enabled": true,
      "digs_dnd_origins:halfling/description_lightfoot": true,
      "digs_dnd_origins:halfling/description_stout": true
    },
    "digs_dnd_origins:tiefling": {
      "enabled": true,
      "digs_dnd_origins:tiefling/darkvision": true,
      "digs_dnd_origins:tiefling/hellish_resistance": true,
      "digs_dnd_origins:tiefling/infernal_legacy": true,
      "digs_dnd_origins:tiefling/hellish_rebuke": true,
      "digs_dnd_origins:tiefling/darkness": true,
      "digs_dnd_origins:tiefling/feared": true,
      "digs_dnd_origins:tiefling/horns": true
    },
    "extraorigins:truffle": {
      "enabled": true,
      "extraorigins:magic_spores": true,
      "extraorigins:infestation": true,
      "extraorigins:rooted": true,
      "extraorigins:decomposition": true
    },
    "digs_dnd_origins:elf/cantrips/firebolt": {
      "enabled": true,
      "digs_dnd_origins:elf/high/cantrips/firebolt": true
    },
    "moborigins:fox": {
      "enabled": true,
      "moborigins:timid_creature": true,
      "moborigins:better_berries": true,
      "moborigins:careful_gatherer": true,
      "moborigins:item_collector": true,
      "moborigins:sly": true,
      "moborigins:small_fox": true
    },
    "moborigins:snowgolem": {
      "enabled": true,
      "origins:water_vulnerability": true,
      "moborigins:temperature": true,
      "moborigins:overheat": true,
      "moborigins:melting": true,
      "moborigins:stronger_snowballs": true,
      "moborigins:snow_trail": true,
      "moborigins:frigid_strength": true
    },
    "digs_dnd_origins:elf/wood": {
      "enabled": true,
      "digs_dnd_origins:elf/wood/size": true,
      "digs_dnd_origins:elf/wood/darkvision": true,
      "digs_dnd_origins:elf/high/trance": true,
      "digs_dnd_origins:elf/wood/elf_weapon_training": true,
      "digs_dnd_origins:elf/wood/fleet_of_foot": true,
      "digs_dnd_origins:elf/wood/mask_of_the_wild": true
    },
    "moborigins:slime": {
      "enabled": true,
      "moborigins:bouncy": true,
      "moborigins:split": true,
      "moborigins:small_weak": true,
      "origins:fall_immunity": true,
      "moborigins:slimy_color": true,
      "moborigins:dyeable": true
    }
  }
}